2+2,3.24*2,10-5,966.3-76,
3-2,246+2,456.2*456.233,
200^756.6, 100^45.3,
2+2,3.24*2,10-5,966.3-76,
3-2,246+2,456.2*456.233,
200^756.6, 100^45.3,
2+2,3.24*2,10-5,966.3-76,
3-2,246+2,456.2*456.233,
200^756.6, 100^45.3,
2+2,3.24*2,10-5,966.3-76,
3-2,246+2,456.2*456.233,
200^756.6, 100^45.3,
2+2,3.24*2,10-5,966.3-76,
3-2,246+2,456.2*456.233,
200^756.6, 100^45.3,
2+2,3.24*2,10-5,966.3-76,
3-2,246+2,456.2*456.233,
200^756.6, 100^45.3,
2+2,3.24*2,10-5,966.3-76,
3-2,246+2,456.2*456.233,
200^756.6, 100^45.3,
2+2,3.24*2,10-5,966.3-76,
3-2,246+2,456.2*456.233,
200^756.6, 100^45.3,
2+2,3.24*2,10-5,966.3-76,
3-2,246+2,456.2*456.233,
200^756.6, 100^45.3,
2+2,3.24*2,10-5,966.3-76,
3-2,246+2,456.2*456.233,
200^756.6, 100^45.3,
2+2,3.24*2,10-5,966.3-76,
3-2,246+2,456.2*456.233,
200^756.6, 100^45.3,
2+2,3.24*2,10-5,966.3-76,
3-2,246+2,456.2*456.233,
200^756.6, 100^45.3,
2+2,3.24*2,10-5,966.3-76,
3-2,246+2,456.2*456.233,
200^756.6, 100^45.3,
2+2,3.24*2,10-5,966.3-76,
3-2,246+2,456.2*456.233,
200^756.6, 100^45.3,
2+2,3.24*2,10-5,966.3-76,
3-2,246+2,456.2*456.233,
200^756.6, 100^45.3,
2+2,3.24*2,10-5,966.3-76,
3-2,246+2,456.2*456.233,
200^756.6, 100^45.3,
2+2,3.24*2,10-5,966.3-76,
3-2,246+2,456.2*456.233,
200^756.6, 100^45.3,
2+2,3.24*2,10-5,966.3-76,
3-2,246+2,456.2*456.233,
200^756.6, 100^45.3,
2+2,3.24*2,10-5,966.3-76,
3-2,246+2,456.2*456.233,
200^756.6, 100^45.3,
2+2,3.24*2,10-5,966.3-76,
3-2,246+2,456.2*456.233,
200^756.6, 100^45.3,
2+2,3.24*2,10-5,966.3-76,
3-2,246+2,456.2*456.233,
200^756.6, 100^45.3,
2+2,3.24*2,10-5,966.3-76,
3-2,246+2,456.2*456.233,
200^756.6, 100^45.3,
2+2,3.24*2,10-5,966.3-76,
3-2,246+2,456.2*456.233,
200^756.6, 100^45.3,
2+2,3.24*2,10-5,966.3-76,
3-2,246+2,456.2*456.233,
200^756.6, 100^45.3,
2+2,3.24*2,10-5,966.3-76,
3-2,246+2,456.2*456.233,
200^756.6, 100^45.3,
2+2,3.24*2,10-5,966.3-76,
3-2,246+2,456.2*456.233,
200^756.6, 100^45.3,
2+2,3.24*2,10-5,966.3-76,
3-2,246+2,456.2*456.233,
200^756.6, 100^45.3,
2+2,3.24*2,10-5,966.3-76,
3-2,246+2,456.2*456.233,
200^756.6, 100^45.3,
2+2,3.24*2,10-5,966.3-76,
3-2,246+2,456.2*456.233,
200^756.6, 100^45.3,
2+2,3.24*2,10-5,966.3-76,
3-2,246+2,456.2*456.233,
200^756.6, 100^45.3,
2+2,3.24*2,10-5,966.3-76,
3-2,246+2,456.2*456.233,
200^756.6, 100^45.3,
2+2,3.24*2,10-5,966.3-76,
3-2,246+2,456.2*456.233,
200^756.6, 100^45.3,
2+2,3.24*2,10-5,966.3-76,
3-2,246+2,456.2*456.233,
200^756.6, 100^45.3,
2+2,3.24*2,10-5,966.3-76,
3-2,246+2,456.2*456.233,
200^756.6, 100^45.3,
2+2,3.24*2,10-5,966.3-76,
3-2,246+2,456.2*456.233,
200^756.6, 100^45.3,
2+2,3.24*2,10-5,966.3-76,
3-2,246+2,456.2*456.233,
200^756.6, 100^45.3,
2+2,3.24*2,10-5,966.3-76,
3-2,246+2,456.2*456.233,
200^756.6, 100^45.3,
2+2,3.24*2,10-5,966.3-76,
3-2,246+2,456.2*456.233,
200^756.6, 100^45.3,
2+2,3.24*2,10-5,966.3-76,
3-2,246+2,456.2*456.233,
200^756.6, 100^45.3,
2+2,3.24*2,10-5,966.3-76,
3-2,246+2,456.2*456.233,
200^756.6, 100^45.3,
2+2,3.24*2,10-5,966.3-76,
3-2,246+2,456.2*456.233,
200^756.6, 100^45.3,
2+2,3.24*2,10-5,966.3-76,
3-2,246+2,456.2*456.233,
200^756.6, 100^45.3,
2+2,3.24*2,10-5,966.3-76,
3-2,246+2,456.2*456.233,
200^756.6, 100^45.3,
2+2,3.24*2,10-5,966.3-76,
3-2,246+2,456.2*456.233,
200^756.6, 100^45.3,
2+2,3.24*2,10-5,966.3-76,
3-2,246+2,456.2*456.233,
200^756.6, 100^45.3,
2+2,3.24*2,10-5,966.3-76,
3-2,246+2,456.2*456.233,
200^756.6, 100^45.3,
2+2,3.24*2,10-5,966.3-76,
3-2,246+2,456.2*456.233,
200^756.6, 100^45.3,
2+2,3.24*2,10-5,966.3-76,
3-2,246+2,456.2*456.233,
200^756.6, 100^45.3,
2+2,3.24*2,10-5,966.3-76,
3-2,246+2,456.2*456.233,
200^756.6, 100^45.3,
2+2,3.24*2,10-5,966.3-76,
3-2,246+2,456.2*456.233,
200^756.6, 100^45.3,
2+2,3.24*2,10-5,966.3-76,
3-2,246+2,456.2*456.233,
200^756.6, 100^45.3,
2+2,3.24*2,10-5,966.3-76,
3-2,246+2,456.2*456.233,
200^756.6, 100^45.3,
2+2,3.24*2,10-5,966.3-76,
3-2,246+2,456.2*456.233,
200^756.6, 100^45.3,
2+2,3.24*2,10-5,966.3-76,
3-2,246+2,456.2*456.233,
200^756.6, 100^45.3,
2+2,3.24*2,10-5,966.3-76,
3-2,246+2,456.2*456.233,
200^756.6, 100^45.3,
2+2,3.24*2,10-5,966.3-76,
3-2,246+2,456.2*456.233,
200^756.6, 100^45.3,
2+2,3.24*2,10-5,966.3-76,
3-2,246+2,456.2*456.233,
200^756.6, 100^45.3,
2+2,3.24*2,10-5,966.3-76,
3-2,246+2,456.2*456.233,
200^756.6, 100^45.3,
2+2,3.24*2,10-5,966.3-76,
3-2,246+2,456.2*456.233,
200^756.6, 100^45.3,
2+2,3.24*2,10-5,966.3-76,
3-2,246+2,456.2*456.233,
200^756.6, 100^45.3,
2+2,3.24*2,10-5,966.3-76,
3-2,246+2,456.2*456.233,
200^756.6, 100^45.3,
2+2,3.24*2,10-5,966.3-76,
3-2,246+2,456.2*456.233,
200^756.6, 100^45.3,
2+2,3.24*2,10-5,966.3-76,
3-2,246+2,456.2*456.233,
200^756.6, 100^45.3,
2+2,3.24*2,10-5,966.3-76,
3-2,246+2,456.2*456.233,
200^756.6, 100^45.3,
2+2,3.24*2,10-5,966.3-76,
3-2,246+2,456.2*456.233,
200^756.6, 100^45.3,
2+2,3.24*2,10-5,966.3-76,
3-2,246+2,456.2*456.233,
200^756.6, 100^45.3,
2+2,3.24*2,10-5,966.3-76,
3-2,246+2,456.2*456.233,
200^756.6, 100^45.3,
2+2,3.24*2,10-5,966.3-76,
3-2,246+2,456.2*456.233,
200^756.6, 100^45.3,
2+2,3.24*2,10-5,966.3-76,
3-2,246+2,456.2*456.233,
200^756.6, 100^45.3,
2+2,3.24*2,10-5,966.3-76,
3-2,246+2,456.2*456.233,
200^756.6, 100^45.3,
2+2,3.24*2,10-5,966.3-76,
3-2,246+2,456.2*456.233,
200^756.6, 100^45.3,
2+2,3.24*2,10-5,966.3-76,
3-2,246+2,456.2*456.233,
200^756.6, 100^45.3,
2+2,3.24*2,10-5,966.3-76,
3-2,246+2,456.2*456.233,
200^756.6, 100^45.3,
2+2,3.24*2,10-5,966.3-76,
3-2,246+2,456.2*456.233,
200^756.6, 100^45.3,
2+2,3.24*2,10-5,966.3-76,
3-2,246+2,456.2*456.233,
200^756.6, 100^45.3,
2+2,3.24*2,10-5,966.3-76,
3-2,246+2,456.2*456.233,
200^756.6, 100^45.3,
2+2,3.24*2,10-5,966.3-76,
3-2,246+2,456.2*456.233,
200^756.6, 100^45.3,
2+2,3.24*2,10-5,966.3-76,
3-2,246+2,456.2*456.233,
200^756.6, 100^45.3,
2+2,3.24*2,10-5,966.3-76,
3-2,246+2,456.2*456.233,
200^756.6, 100^45.3,
2+2,3.24*2,10-5,966.3-76,
3-2,246+2,456.2*456.233,
200^756.6, 100^45.3,
2+2,3.24*2,10-5,966.3-76,
3-2,246+2,456.2*456.233,
200^756.6, 100^45.3,
2+2,3.24*2,10-5,966.3-76,
3-2,246+2,456.2*456.233,
200^756.6, 100^45.3,
2+2,3.24*2,10-5,966.3-76,
3-2,246+2,456.2*456.233,
200^756.6, 100^45.3,
2+2,3.24*2,10-5,966.3-76,
3-2,246+2,456.2*456.233,
200^756.6, 100^45.3,
2+2,3.24*2,10-5,966.3-76,
3-2,246+2,456.2*456.233,
200^756.6, 100^45.3,
2+2,3.24*2,10-5,966.3-76,
3-2,246+2,456.2*456.233,
200^756.6, 100^45.3,
2+2,3.24*2,10-5,966.3-76,
3-2,246+2,456.2*456.233,
200^756.6, 100^45.3,
2+2,3.24*2,10-5,966.3-76,
3-2,246+2,456.2*456.233,
200^756.6, 100^45.3,
2+2,3.24*2,10-5,966.3-76,
3-2,246+2,456.2*456.233,
200^756.6, 100^45.3,
2+2,3.24*2,10-5,966.3-76,
3-2,246+2,456.2*456.233,
200^756.6, 100^45.3,
2+2,3.24*2,10-5,966.3-76,
3-2,246+2,456.2*456.233,
200^756.6, 100^45.3,
2+2,3.24*2,10-5,966.3-76,
3-2,246+2,456.2*456.233,
200^756.6, 100^45.3,
2+2,3.24*2,10-5,966.3-76,
3-2,246+2,456.2*456.233,
200^756.6, 100^45.3,
2+2,3.24*2,10-5,966.3-76,
3-2,246+2,456.2*456.233,
200^756.6, 100^45.3,
2+2,3.24*2,10-5,966.3-76,
3-2,246+2,456.2*456.233,
200^756.6, 100^45.3,
2+2,3.24*2,10-5,966.3-76,
3-2,246+2,456.2*456.233,
200^756.6, 100^45.3,
2+2,3.24*2,10-5,966.3-76,
3-2,246+2,456.2*456.233,
200^756.6, 100^45.3,
2+2,3.24*2,10-5,966.3-76,
3-2,246+2,456.2*456.233,
200^756.6, 100^45.3,
2+2,3.24*2,10-5,966.3-76,
3-2,246+2,456.2*456.233,
200^756.6, 100^45.3,
2+2,3.24*2,10-5,966.3-76,
3-2,246+2,456.2*456.233,
200^756.6, 100^45.3,
2+2,3.24*2,10-5,966.3-76,
3-2,246+2,456.2*456.233,
200^756.6, 100^45.3,
2+2,3.24*2,10-5,966.3-76,
3-2,246+2,456.2*456.233,
200^756.6, 100^45.3,
2+2,3.24*2,10-5,966.3-76,
3-2,246+2,456.2*456.233,
200^756.6, 100^45.3,
2+2,3.24*2,10-5,966.3-76,
3-2,246+2,456.2*456.233,
200^756.6, 100^45.3,
2+2,3.24*2,10-5,966.3-76,
3-2,246+2,456.2*456.233,
200^756.6, 100^45.3,
2+2,3.24*2,10-5,966.3-76,
3-2,246+2,456.2*456.233,
200^756.6, 100^45.3,
2+2,3.24*2,10-5,966.3-76,
3-2,246+2,456.2*456.233,
200^756.6, 100^45.3,
2+2,3.24*2,10-5,966.3-76,
3-2,246+2,456.2*456.233,
200^756.6, 100^45.3,
2+2,3.24*2,10-5,966.3-76,
3-2,246+2,456.2*456.233,
200^756.6, 100^45.3,
2+2,3.24*2,10-5,966.3-76,
3-2,246+2,456.2*456.233,
200^756.6, 100^45.3,
2+2,3.24*2,10-5,966.3-76,
3-2,246+2,456.2*456.233,
200^756.6, 100^45.3,
2+2,3.24*2,10-5,966.3-76,
3-2,246+2,456.2*456.233,
200^756.6, 100^45.3,
2+2,3.24*2,10-5,966.3-76,
3-2,246+2,456.2*456.233,
200^756.6, 100^45.3,
2+2,3.24*2,10-5,966.3-76,
3-2,246+2,456.2*456.233,
200^756.6, 100^45.3,
2+2,3.24*2,10-5,966.3-76,
3-2,246+2,456.2*456.233,
200^756.6, 100^45.3,
2+2,3.24*2,10-5,966.3-76,
3-2,246+2,456.2*456.233,
200^756.6, 100^45.3,
2+2,3.24*2,10-5,966.3-76,
3-2,246+2,456.2*456.233,
200^756.6, 100^45.3,
2+2,3.24*2,10-5,966.3-76,
3-2,246+2,456.2*456.233,
200^756.6, 100^45.3,
2+2,3.24*2,10-5,966.3-76,
3-2,246+2,456.2*456.233,
200^756.6, 100^45.3,
2+2,3.24*2,10-5,966.3-76,
3-2,246+2,456.2*456.233,
200^756.6, 100^45.3,
2+2,3.24*2,10-5,966.3-76,
3-2,246+2,456.2*456.233,
200^756.6, 100^45.3,
2+2,3.24*2,10-5,966.3-76,
3-2,246+2,456.2*456.233,
200^756.6, 100^45.3,
2+2,3.24*2,10-5,966.3-76,
3-2,246+2,456.2*456.233,
200^756.6, 100^45.3,
2+2,3.24*2,10-5,966.3-76,
3-2,246+2,456.2*456.233,
200^756.6, 100^45.3,
2+2,3.24*2,10-5,966.3-76,
3-2,246+2,456.2*456.233,
200^756.6, 100^45.3,
2+2,3.24*2,10-5,966.3-76,
3-2,246+2,456.2*456.233,
200^756.6, 100^45.3,
2+2,3.24*2,10-5,966.3-76,
3-2,246+2,456.2*456.233,
200^756.6, 100^45.3,
2+2,3.24*2,10-5,966.3-76,
3-2,246+2,456.2*456.233,
200^756.6, 100^45.3,
2+2,3.24*2,10-5,966.3-76,
3-2,246+2,456.2*456.233,
200^756.6, 100^45.3,
2+2,3.24*2,10-5,966.3-76,
3-2,246+2,456.2*456.233,
200^756.6, 100^45.3,
2+2,3.24*2,10-5,966.3-76,
3-2,246+2,456.2*456.233,
200^756.6, 100^45.3,
2+2,3.24*2,10-5,966.3-76,
3-2,246+2,456.2*456.233,
200^756.6, 100^45.3,
2+2,3.24*2,10-5,966.3-76,
3-2,246+2,456.2*456.233,
200^756.6, 100^45.3,
2+2,3.24*2,10-5,966.3-76,
3-2,246+2,456.2*456.233,
200^756.6, 100^45.3,
2+2,3.24*2,10-5,966.3-76,
3-2,246+2,456.2*456.233,
200^756.6, 100^45.3,
2+2,3.24*2,10-5,966.3-76,
3-2,246+2,456.2*456.233,
200^756.6, 100^45.3,
2+2,3.24*2,10-5,966.3-76,
3-2,246+2,456.2*456.233,
200^756.6, 100^45.3,
2+2,3.24*2,10-5,966.3-76,
3-2,246+2,456.2*456.233,
200^756.6, 100^45.3,
2+2,3.24*2,10-5,966.3-76,
3-2,246+2,456.2*456.233,
200^756.6, 100^45.3,
2+2,3.24*2,10-5,966.3-76,
3-2,246+2,456.2*456.233,
200^756.6, 100^45.3,
2+2,3.24*2,10-5,966.3-76,
3-2,246+2,456.2*456.233,
200^756.6, 100^45.3,
2+2,3.24*2,10-5,966.3-76,
3-2,246+2,456.2*456.233,
200^756.6, 100^45.3,
2+2,3.24*2,10-5,966.3-76,
3-2,246+2,456.2*456.233,
200^756.6, 100^45.3,
2+2,3.24*2,10-5,966.3-76,
3-2,246+2,456.2*456.233,
200^756.6, 100^45.3,
2+2,3.24*2,10-5,966.3-76,
3-2,246+2,456.2*456.233,
200^756.6, 100^45.3,
2+2,3.24*2,10-5,966.3-76,
3-2,246+2,456.2*456.233,
200^756.6, 100^45.3,
2+2,3.24*2,10-5,966.3-76,
3-2,246+2,456.2*456.233,
200^756.6, 100^45.3,
2+2,3.24*2,10-5,966.3-76,
3-2,246+2,456.2*456.233,
200^756.6, 100^45.3,
2+2,3.24*2,10-5,966.3-76,
3-2,246+2,456.2*456.233,
200^756.6, 100^45.3,
2+2,3.24*2,10-5,966.3-76,
3-2,246+2,456.2*456.233,
200^756.6, 100^45.3,
2+2,3.24*2,10-5,966.3-76,
3-2,246+2,456.2*456.233,
200^756.6, 100^45.3,
2+2,3.24*2,10-5,966.3-76,
3-2,246+2,456.2*456.233,
200^756.6, 100^45.3,
2+2,3.24*2,10-5,966.3-76,
3-2,246+2,456.2*456.233,
200^756.6, 100^45.3,
2+2,3.24*2,10-5,966.3-76,
3-2,246+2,456.2*456.233,
200^756.6, 100^45.3,
2+2,3.24*2,10-5,966.3-76,
3-2,246+2,456.2*456.233,
200^756.6, 100^45.3,
2+2,3.24*2,10-5,966.3-76,
3-2,246+2,456.2*456.233,
200^756.6, 100^45.3,
2+2,3.24*2,10-5,966.3-76,
3-2,246+2,456.2*456.233,
200^756.6, 100^45.3,
2+2,3.24*2,10-5,966.3-76,
3-2,246+2,456.2*456.233,
200^756.6, 100^45.3,
2+2,3.24*2,10-5,966.3-76,
3-2,246+2,456.2*456.233,
200^756.6, 100^45.3,
2+2,3.24*2,10-5,966.3-76,
3-2,246+2,456.2*456.233,
200^756.6, 100^45.3,
2+2,3.24*2,10-5,966.3-76,
3-2,246+2,456.2*456.233,
200^756.6, 100^45.3,
2+2,3.24*2,10-5,966.3-76,
3-2,246+2,456.2*456.233,
200^756.6, 100^45.3,
2+2,3.24*2,10-5,966.3-76,
3-2,246+2,456.2*456.233,
200^756.6, 100^45.3,
2+2,3.24*2,10-5,966.3-76,
3-2,246+2,456.2*456.233,
200^756.6, 100^45.3,
2+2,3.24*2,10-5,966.3-76,
3-2,246+2,456.2*456.233,
200^756.6, 100^45.3,
2+2,3.24*2,10-5,966.3-76,
3-2,246+2,456.2*456.233,
200^756.6, 100^45.3,
2+2,3.24*2,10-5,966.3-76,
3-2,246+2,456.2*456.233,
200^756.6, 100^45.3,
2+2,3.24*2,10-5,966.3-76,
3-2,246+2,456.2*456.233,
200^756.6, 100^45.3,
2+2,3.24*2,10-5,966.3-76,
3-2,246+2,456.2*456.233,
200^756.6, 100^45.3,
2+2,3.24*2,10-5,966.3-76,
3-2,246+2,456.2*456.233,
200^756.6, 100^45.3,
2+2,3.24*2,10-5,966.3-76,
3-2,246+2,456.2*456.233,
200^756.6, 100^45.3,
2+2,3.24*2,10-5,966.3-76,
3-2,246+2,456.2*456.233,
200^756.6, 100^45.3,
2+2,3.24*2,10-5,966.3-76,
3-2,246+2,456.2*456.233,
200^756.6, 100^45.3,
2+2,3.24*2,10-5,966.3-76,
3-2,246+2,456.2*456.233,
200^756.6, 100^45.3,
2+2,3.24*2,10-5,966.3-76,
3-2,246+2,456.2*456.233,
200^756.6, 100^45.3,
2+2,3.24*2,10-5,966.3-76,
3-2,246+2,456.2*456.233,
200^756.6, 100^45.3,
2+2,3.24*2,10-5,966.3-76,
3-2,246+2,456.2*456.233,
200^756.6, 100^45.3,
2+2,3.24*2,10-5,966.3-76,
3-2,246+2,456.2*456.233,
200^756.6, 100^45.3,
2+2,3.24*2,10-5,966.3-76,
3-2,246+2,456.2*456.233,
200^756.6, 100^45.3,
2+2,3.24*2,10-5,966.3-76,
3-2,246+2,456.2*456.233,
200^756.6, 100^45.3,
2+2,3.24*2,10-5,966.3-76,
3-2,246+2,456.2*456.233,
200^756.6, 100^45.3,
2+2,3.24*2,10-5,966.3-76,
3-2,246+2,456.2*456.233,
200^756.6, 100^45.3,
2+2,3.24*2,10-5,966.3-76,
3-2,246+2,456.2*456.233,
200^756.6, 100^45.3,
2+2,3.24*2,10-5,966.3-76,
3-2,246+2,456.2*456.233,
200^756.6, 100^45.3,
2+2,3.24*2,10-5,966.3-76,
3-2,246+2,456.2*456.233,
200^756.6, 100^45.3,
2+2,3.24*2,10-5,966.3-76,
3-2,246+2,456.2*456.233,
200^756.6, 100^45.3,
2+2,3.24*2,10-5,966.3-76,
3-2,246+2,456.2*456.233,
200^756.6, 100^45.3,
2+2,3.24*2,10-5,966.3-76,
3-2,246+2,456.2*456.233,
200^756.6, 100^45.3,
2+2,3.24*2,10-5,966.3-76,
3-2,246+2,456.2*456.233,
200^756.6, 100^45.3,
2+2,3.24*2,10-5,966.3-76,
3-2,246+2,456.2*456.233,
200^756.6, 100^45.3,
2+2,3.24*2,10-5,966.3-76,
3-2,246+2,456.2*456.233,
200^756.6, 100^45.3,
2+2,3.24*2,10-5,966.3-76,
3-2,246+2,456.2*456.233,
200^756.6, 100^45.3,
2+2,3.24*2,10-5,966.3-76,
3-2,246+2,456.2*456.233,
200^756.6, 100^45.3,
2+2,3.24*2,10-5,966.3-76,
3-2,246+2,456.2*456.233,
200^756.6, 100^45.3,
2+2,3.24*2,10-5,966.3-76,
3-2,246+2,456.2*456.233,
200^756.6, 100^45.3,
2+2,3.24*2,10-5,966.3-76,
3-2,246+2,456.2*456.233,
200^756.6, 100^45.3,
2+2,3.24*2,10-5,966.3-76,
3-2,246+2,456.2*456.233,
200^756.6, 100^45.3,
2+2,3.24*2,10-5,966.3-76,
3-2,246+2,456.2*456.233,
200^756.6, 100^45.3,
2+2,3.24*2,10-5,966.3-76,
3-2,246+2,456.2*456.233,
200^756.6, 100^45.3,
2+2,3.24*2,10-5,966.3-76,
3-2,246+2,456.2*456.233,
200^756.6, 100^45.3,
2+2,3.24*2,10-5,966.3-76,
3-2,246+2,456.2*456.233,
200^756.6, 100^45.3,
2+2,3.24*2,10-5,966.3-76,
3-2,246+2,456.2*456.233,
200^756.6, 100^45.3,
2+2,3.24*2,10-5,966.3-76,
3-2,246+2,456.2*456.233,
200^756.6, 100^45.3,
2+2,3.24*2,10-5,966.3-76,
3-2,246+2,456.2*456.233,
200^756.6, 100^45.3,
2+2,3.24*2,10-5,966.3-76,
3-2,246+2,456.2*456.233,
200^756.6, 100^45.3,
2+2,3.24*2,10-5,966.3-76,
3-2,246+2,456.2*456.233,
200^756.6, 100^45.3,
2+2,3.24*2,10-5,966.3-76,
3-2,246+2,456.2*456.233,
200^756.6, 100^45.3,
2+2,3.24*2,10-5,966.3-76,
3-2,246+2,456.2*456.233,
200^756.6, 100^45.3,
2+2,3.24*2,10-5,966.3-76,
3-2,246+2,456.2*456.233,
200^756.6, 100^45.3,
2+2,3.24*2,10-5,966.3-76,
3-2,246+2,456.2*456.233,
200^756.6, 100^45.3,
2+2,3.24*2,10-5,966.3-76,
3-2,246+2,456.2*456.233,
200^756.6, 100^45.3,
2+2,3.24*2,10-5,966.3-76,
3-2,246+2,456.2*456.233,
200^756.6, 100^45.3,
2+2,3.24*2,10-5,966.3-76,
3-2,246+2,456.2*456.233,
200^756.6, 100^45.3,
2+2,3.24*2,10-5,966.3-76,
3-2,246+2,456.2*456.233,
200^756.6, 100^45.3,
2+2,3.24*2,10-5,966.3-76,
3-2,246+2,456.2*456.233,
200^756.6, 100^45.3,
2+2,3.24*2,10-5,966.3-76,
3-2,246+2,456.2*456.233,
200^756.6, 100^45.3,
2+2,3.24*2,10-5,966.3-76,
3-2,246+2,456.2*456.233,
200^756.6, 100^45.3,
2+2,3.24*2,10-5,966.3-76,
3-2,246+2,456.2*456.233,
200^756.6, 100^45.3,
2+2,3.24*2,10-5,966.3-76,
3-2,246+2,456.2*456.233,
200^756.6, 100^45.3,
2+2,3.24*2,10-5,966.3-76,
3-2,246+2,456.2*456.233,
200^756.6, 100^45.3,
2+2,3.24*2,10-5,966.3-76,
3-2,246+2,456.2*456.233,
200^756.6, 100^45.3,
2+2,3.24*2,10-5,966.3-76,
3-2,246+2,456.2*456.233,
200^756.6, 100^45.3,
2+2,3.24*2,10-5,966.3-76,
3-2,246+2,456.2*456.233,
200^756.6, 100^45.3,
2+2,3.24*2,10-5,966.3-76,
3-2,246+2,456.2*456.233,
200^756.6, 100^45.3,
2+2,3.24*2,10-5,966.3-76,
3-2,246+2,456.2*456.233,
200^756.6, 100^45.3,
2+2,3.24*2,10-5,966.3-76,
3-2,246+2,456.2*456.233,
200^756.6, 100^45.3,
2+2,3.24*2,10-5,966.3-76,
3-2,246+2,456.2*456.233,
200^756.6, 100^45.3,
2+2,3.24*2,10-5,966.3-76,
3-2,246+2,456.2*456.233,
200^756.6, 100^45.3,
2+2,3.24*2,10-5,966.3-76,
3-2,246+2,456.2*456.233,
200^756.6, 100^45.3,
2+2,3.24*2,10-5,966.3-76,
3-2,246+2,456.2*456.233,
200^756.6, 100^45.3,
2+2,3.24*2,10-5,966.3-76,
3-2,246+2,456.2*456.233,
200^756.6, 100^45.3,
2+2,3.24*2,10-5,966.3-76,
3-2,246+2,456.2*456.233,
200^756.6, 100^45.3,
2+2,3.24*2,10-5,966.3-76,
3-2,246+2,456.2*456.233,
200^756.6, 100^45.3,
2+2,3.24*2,10-5,966.3-76,
3-2,246+2,456.2*456.233,
200^756.6, 100^45.3,
2+2,3.24*2,10-5,966.3-76,
3-2,246+2,456.2*456.233,
200^756.6, 100^45.3,
2+2,3.24*2,10-5,966.3-76,
3-2,246+2,456.2*456.233,
200^756.6, 100^45.3,
2+2,3.24*2,10-5,966.3-76,
3-2,246+2,456.2*456.233,
200^756.6, 100^45.3,
2+2,3.24*2,10-5,966.3-76,
3-2,246+2,456.2*456.233,
200^756.6, 100^45.3,
2+2,3.24*2,10-5,966.3-76,
3-2,246+2,456.2*456.233,
200^756.6, 100^45.3,
2+2,3.24*2,10-5,966.3-76,
3-2,246+2,456.2*456.233,
200^756.6, 100^45.3,
2+2,3.24*2,10-5,966.3-76,
3-2,246+2,456.2*456.233,
200^756.6, 100^45.3,
2+2,3.24*2,10-5,966.3-76,
3-2,246+2,456.2*456.233,
200^756.6, 100^45.3,
2+2,3.24*2,10-5,966.3-76,
3-2,246+2,456.2*456.233,
200^756.6, 100^45.3,
2+2,3.24*2,10-5,966.3-76,
3-2,246+2,456.2*456.233,
200^756.6, 100^45.3,
2+2,3.24*2,10-5,966.3-76,
3-2,246+2,456.2*456.233,
200^756.6, 100^45.3,
2+2,3.24*2,10-5,966.3-76,
3-2,246+2,456.2*456.233,
200^756.6, 100^45.3,
2+2,3.24*2,10-5,966.3-76,
3-2,246+2,456.2*456.233,
200^756.6, 100^45.3,
2+2,3.24*2,10-5,966.3-76,
3-2,246+2,456.2*456.233,
200^756.6, 100^45.3,
2+2,3.24*2,10-5,966.3-76,
3-2,246+2,456.2*456.233,
200^756.6, 100^45.3,
2+2,3.24*2,10-5,966.3-76,
3-2,246+2,456.2*456.233,
200^756.6, 100^45.3,
2+2,3.24*2,10-5,966.3-76,
3-2,246+2,456.2*456.233,
200^756.6, 100^45.3,
2+2,3.24*2,10-5,966.3-76,
3-2,246+2,456.2*456.233,
200^756.6, 100^45.3,
2+2,3.24*2,10-5,966.3-76,
3-2,246+2,456.2*456.233,
200^756.6, 100^45.3,
2+2,3.24*2,10-5,966.3-76,
3-2,246+2,456.2*456.233,
200^756.6, 100^45.3,
2+2,3.24*2,10-5,966.3-76,
3-2,246+2,456.2*456.233,
200^756.6, 100^45.3,
2+2,3.24*2,10-5,966.3-76,
3-2,246+2,456.2*456.233,
200^756.6, 100^45.3,
2+2,3.24*2,10-5,966.3-76,
3-2,246+2,456.2*456.233,
200^756.6, 100^45.3,
2+2,3.24*2,10-5,966.3-76,
3-2,246+2,456.2*456.233,
200^756.6, 100^45.3,
2+2,3.24*2,10-5,966.3-76,
3-2,246+2,456.2*456.233,
200^756.6, 100^45.3,
2+2,3.24*2,10-5,966.3-76,
3-2,246+2,456.2*456.233,
200^756.6, 100^45.3,
2+2,3.24*2,10-5,966.3-76,
3-2,246+2,456.2*456.233,
200^756.6, 100^45.3,
2+2,3.24*2,10-5,966.3-76,
3-2,246+2,456.2*456.233,
200^756.6, 100^45.3,
2+2,3.24*2,10-5,966.3-76,
3-2,246+2,456.2*456.233,
200^756.6, 100^45.3,
2+2,3.24*2,10-5,966.3-76,
3-2,246+2,456.2*456.233,
200^756.6, 100^45.3,
2+2,3.24*2,10-5,966.3-76,
3-2,246+2,456.2*456.233,
200^756.6, 100^45.3,
2+2,3.24*2,10-5,966.3-76,
3-2,246+2,456.2*456.233,
200^756.6, 100^45.3,
2+2,3.24*2,10-5,966.3-76,
3-2,246+2,456.2*456.233,
200^756.6, 100^45.3,
2+2,3.24*2,10-5,966.3-76,
3-2,246+2,456.2*456.233,
200^756.6, 100^45.3,
2+2,3.24*2,10-5,966.3-76,
3-2,246+2,456.2*456.233,
200^756.6, 100^45.3,
2+2,3.24*2,10-5,966.3-76,
3-2,246+2,456.2*456.233,
200^756.6, 100^45.3,
2+2,3.24*2,10-5,966.3-76,
3-2,246+2,456.2*456.233,
200^756.6, 100^45.3,
2+2,3.24*2,10-5,966.3-76,
3-2,246+2,456.2*456.233,
200^756.6, 100^45.3,
2+2,3.24*2,10-5,966.3-76,
3-2,246+2,456.2*456.233,
200^756.6, 100^45.3,
2+2,3.24*2,10-5,966.3-76,
3-2,246+2,456.2*456.233,
200^756.6, 100^45.3,
2+2,3.24*2,10-5,966.3-76,
3-2,246+2,456.2*456.233,
200^756.6, 100^45.3,
2+2,3.24*2,10-5,966.3-76,
3-2,246+2,456.2*456.233,
200^756.6, 100^45.3,
2+2,3.24*2,10-5,966.3-76,
3-2,246+2,456.2*456.233,
200^756.6, 100^45.3,
2+2,3.24*2,10-5,966.3-76,
3-2,246+2,456.2*456.233,
200^756.6, 100^45.3,
2+2,3.24*2,10-5,966.3-76,
3-2,246+2,456.2*456.233,
200^756.6, 100^45.3,
2+2,3.24*2,10-5,966.3-76,
3-2,246+2,456.2*456.233,
200^756.6, 100^45.3,
2+2,3.24*2,10-5,966.3-76,
3-2,246+2,456.2*456.233,
200^756.6, 100^45.3,
2+2,3.24*2,10-5,966.3-76,
3-2,246+2,456.2*456.233,
200^756.6, 100^45.3,
2+2,3.24*2,10-5,966.3-76,
3-2,246+2,456.2*456.233,
200^756.6, 100^45.3,
2+2,3.24*2,10-5,966.3-76,
3-2,246+2,456.2*456.233,
200^756.6, 100^45.3,
2+2,3.24*2,10-5,966.3-76,
3-2,246+2,456.2*456.233,
200^756.6, 100^45.3,
2+2,3.24*2,10-5,966.3-76,
3-2,246+2,456.2*456.233,
200^756.6, 100^45.3,
2+2,3.24*2,10-5,966.3-76,
3-2,246+2,456.2*456.233,
200^756.6, 100^45.3,
2+2,3.24*2,10-5,966.3-76,
3-2,246+2,456.2*456.233,
200^756.6, 100^45.3,
2+2,3.24*2,10-5,966.3-76,
3-2,246+2,456.2*456.233,
200^756.6, 100^45.3,
2+2,3.24*2,10-5,966.3-76,
3-2,246+2,456.2*456.233,
200^756.6, 100^45.3,
2+2,3.24*2,10-5,966.3-76,
3-2,246+2,456.2*456.233,
200^756.6, 100^45.3,
2+2,3.24*2,10-5,966.3-76,
3-2,246+2,456.2*456.233,
200^756.6, 100^45.3,
2+2,3.24*2,10-5,966.3-76,
3-2,246+2,456.2*456.233,
200^756.6, 100^45.3,
2+2,3.24*2,10-5,966.3-76,
3-2,246+2,456.2*456.233,
200^756.6, 100^45.3,
2+2,3.24*2,10-5,966.3-76,
3-2,246+2,456.2*456.233,
200^756.6, 100^45.3,
2+2,3.24*2,10-5,966.3-76,
3-2,246+2,456.2*456.233,
200^756.6, 100^45.3,
2+2,3.24*2,10-5,966.3-76,
3-2,246+2,456.2*456.233,
200^756.6, 100^45.3,
2+2,3.24*2,10-5,966.3-76,
3-2,246+2,456.2*456.233,
200^756.6, 100^45.3,
2+2,3.24*2,10-5,966.3-76,
3-2,246+2,456.2*456.233,
200^756.6, 100^45.3,
2+2,3.24*2,10-5,966.3-76,
3-2,246+2,456.2*456.233,
200^756.6, 100^45.3,
2+2,3.24*2,10-5,966.3-76,
3-2,246+2,456.2*456.233,
200^756.6, 100^45.3,
2+2,3.24*2,10-5,966.3-76,
3-2,246+2,456.2*456.233,
200^756.6, 100^45.3,
2+2,3.24*2,10-5,966.3-76,
3-2,246+2,456.2*456.233,
200^756.6, 100^45.3,
2+2,3.24*2,10-5,966.3-76,
3-2,246+2,456.2*456.233,
200^756.6, 100^45.3,
2+2,3.24*2,10-5,966.3-76,
3-2,246+2,456.2*456.233,
200^756.6, 100^45.3,
2+2,3.24*2,10-5,966.3-76,
3-2,246+2,456.2*456.233,
200^756.6, 100^45.3,
2+2,3.24*2,10-5,966.3-76,
3-2,246+2,456.2*456.233,
200^756.6, 100^45.3,
2+2,3.24*2,10-5,966.3-76,
3-2,246+2,456.2*456.233,
200^756.6, 100^45.3,
2+2,3.24*2,10-5,966.3-76,
3-2,246+2,456.2*456.233,
200^756.6, 100^45.3,
2+2,3.24*2,10-5,966.3-76,
3-2,246+2,456.2*456.233,
200^756.6, 100^45.3,
2+2,3.24*2,10-5,966.3-76,
3-2,246+2,456.2*456.233,
200^756.6, 100^45.3,
2+2,3.24*2,10-5,966.3-76,
3-2,246+2,456.2*456.233,
200^756.6, 100^45.3,
2+2,3.24*2,10-5,966.3-76,
3-2,246+2,456.2*456.233,
200^756.6, 100^45.3,
2+2,3.24*2,10-5,966.3-76,
3-2,246+2,456.2*456.233,
200^756.6, 100^45.3,
2+2,3.24*2,10-5,966.3-76,
3-2,246+2,456.2*456.233,
200^756.6, 100^45.3,
2+2,3.24*2,10-5,966.3-76,
3-2,246+2,456.2*456.233,
200^756.6, 100^45.3,
2+2,3.24*2,10-5,966.3-76,
3-2,246+2,456.2*456.233,
200^756.6, 100^45.3,
2+2,3.24*2,10-5,966.3-76,
3-2,246+2,456.2*456.233,
200^756.6, 100^45.3,
2+2,3.24*2,10-5,966.3-76,
3-2,246+2,456.2*456.233,
200^756.6, 100^45.3,
2+2,3.24*2,10-5,966.3-76,
3-2,246+2,456.2*456.233,
200^756.6, 100^45.3,
2+2,3.24*2,10-5,966.3-76,
3-2,246+2,456.2*456.233,
200^756.6, 100^45.3,
2+2,3.24*2,10-5,966.3-76,
3-2,246+2,456.2*456.233,
200^756.6, 100^45.3,
2+2,3.24*2,10-5,966.3-76,
3-2,246+2,456.2*456.233,
200^756.6, 100^45.3,
2+2,3.24*2,10-5,966.3-76,
3-2,246+2,456.2*456.233,
200^756.6, 100^45.3,
2+2,3.24*2,10-5,966.3-76,
3-2,246+2,456.2*456.233,
200^756.6, 100^45.3,
2+2,3.24*2,10-5,966.3-76,
3-2,246+2,456.2*456.233,
200^756.6, 100^45.3,
2+2,3.24*2,10-5,966.3-76,
3-2,246+2,456.2*456.233,
200^756.6, 100^45.3,
2+2,3.24*2,10-5,966.3-76,
3-2,246+2,456.2*456.233,
200^756.6, 100^45.3,
2+2,3.24*2,10-5,966.3-76,
3-2,246+2,456.2*456.233,
200^756.6, 100^45.3,
2+2,3.24*2,10-5,966.3-76,
3-2,246+2,456.2*456.233,
200^756.6, 100^45.3,
2+2,3.24*2,10-5,966.3-76,
3-2,246+2,456.2*456.233,
200^756.6, 100^45.3,
2+2,3.24*2,10-5,966.3-76,
3-2,246+2,456.2*456.233,
200^756.6, 100^45.3,
2+2,3.24*2,10-5,966.3-76,
3-2,246+2,456.2*456.233,
200^756.6, 100^45.3,
2+2,3.24*2,10-5,966.3-76